task,model,n_splits,roc_auc_mean,roc_auc_std,auprc_mean,auprc_std,balanced_accuracy_mean,balanced_accuracy_std,f1_active_mean,f1_active_std,precision_active_mean,precision_active_std,recall_active_mean,recall_active_std,specificity_managed_mean,specificity_managed_std,tp_sum,fp_sum,tn_sum,fn_sum
active_sle_vs_managed_sle,dummy_prior,50,0.5,0.0,0.08636363636363636,0.012121091333659156,0.5,0.0,0.15876750700280112,0.020880074527007818,0.08636363636363636,0.012121091333659156,1.0,0.0,0.0,0.0,140,1480,0,0
active_sle_vs_managed_sle,mean_pca20_logreg_balanced,50,0.9985325670498084,0.005199148695451409,0.9872222222222223,0.04566424178807878,0.75,0.14085904245475273,0.614,0.293704928515021,0.86,0.3505098327538656,0.5,0.28171808490950556,1.0,0.0,71,0,1480,69
active_sle_vs_managed_sle,mean_std_pca20_logreg_balanced,50,0.9959846743295019,0.009989987284896083,0.9640000000000001,0.09396128245267395,0.6753333333333333,0.13406432273496735,0.4564761904761905,0.3051913428489068,0.715,0.440344253084436,0.3533333333333333,0.2686153290699134,0.9973333333333333,0.009134917187262346,51,4,1476,89
